{"cameraMode":{"drawMode":0,"name":"Shaded","section":"Shading Mode"},"sceneLighting":true,"audioPlay":false,"sceneViewState":{"showFog":true,"showMaterialUpdate":false,"showSkybox":true,"showFlares":true,"showImageEffects":true,"showParticleSystems":true},"in2DMode":false,"pivot":{"x":600.6438598632813,"y":300.79510498046877,"z":127.57329559326172},"rotation":{"x":-0.04324705898761749,"y":0.713621973991394,"z":-0.04423375427722931,"w":-0.6977942585945129},"size":19.08359146118164,"orthographic":false}