{"cameraMode":{"drawMode":0,"name":"Shaded","section":"Shading Mode"},"sceneLighting":false,"audioPlay":false,"sceneViewState":{"showFog":true,"showMaterialUpdate":false,"showSkybox":true,"showFlares":true,"showImageEffects":true,"showParticleSystems":true},"in2DMode":false,"pivot":{"x":-6.207242488861084,"y":-19.212026596069337,"z":14.570587158203125},"rotation":{"x":-0.013763593509793282,"y":-0.8373916745185852,"z":0.5460221171379089,"w":-0.02110690250992775},"size":30.268640518188478,"orthographic":false}