{"cameraMode":{"drawMode":0,"name":"Shaded","section":"Shading Mode"},"sceneLighting":true,"audioPlay":false,"sceneViewState":{"showFog":true,"showMaterialUpdate":false,"showSkybox":true,"showFlares":true,"showImageEffects":true,"showParticleSystems":true},"in2DMode":false,"pivot":{"x":7.908401966094971,"y":4.342138290405273,"z":-7.398770809173584},"rotation":{"x":-0.0015128209488466383,"y":-0.9943569898605347,"z":0.10510523617267609,"w":-0.014311288483440876},"size":10.62762451171875,"orthographic":false}